{"JP1":[43.064615,141.346807],"JP2":[40.824308,140.739998],"JP3":[39.703619,141.152684],"JP4":[38.268837,140.8721],"JP5":[39.718614,140.102364],"JP6":[38.240436,140.363633],"JP7":[37.750299,140.467551],"JP8":[36.341811,140.446793],"JP9":[36.565725,139.883565],"JP10":[36.390668,139.060406],"JP11":[35.856999,139.648849],"JP12":[35.605057,140.123306],"JP13":[35.689488,139.691706],"JP14":[35.447507,139.642345],"JP15":[37.902552,139.023095],"JP16":[36.695291,137.211338],"JP17":[36.594682,136.625573],"JP18":[36.065178,136.221527],"JP19":[35.664158,138.568449],"JP20":[36.651299,138.180956],"JP21":[35.391227,136.722291],"JP22":[34.97712,138.383084],"JP23":[35.180188,136.906565],"JP24":[34.730283,136.508588],"JP25":[35.004531,135.86859],"JP26":[35.021247,135.755597],"JP27":[34.686297,135.519661],"JP28":[34.691269,135.183071],"JP29":[34.685334,135.832742],"JP30":[34.225987,135.167509],"JP31":[35.503891,134.237736],"JP32":[35.472295,133.0505],"JP33":[34.661751,133.934406],"JP34":[34.39656,132.459622],"JP35":[34.185956,131.470649],"JP36":[34.065718,134.55936],"JP37":[34.340149,134.043444],"JP38":[33.841624,132.765681],"JP39":[33.559706,133.531079],"JP40":[33.606576,130.418297],"JP41":[33.249442,130.299794],"JP42":[32.744839,129.873756],"JP43":[32.789827,130.741667],"JP44":[33.238172,131.612619],"JP45":[31.911096,131.423893],"JP46":[31.560146,130.557978],"JP47":[26.2124,127.680932]}